[
    {
      "name": "John Doe",
      "description": "Web Developer",
      "image-url": "https://22360598.fs1.hubspotusercontent-na1.net/hub/22360598/hubfs/team-03.jpg?width=626&height=417&name=team-03.jpg"
    },
    {
      "name": "Jane Smith",
      "description": "Graphic Designer",
      "image-url": "https://22360598.fs1.hubspotusercontent-na1.net/hub/22360598/hubfs/team-04.jpg?width=626&height=417&name=team-04.jpg"
    },
    {
        "name": "John Doe",
        "description": "Web Developer",
        "image-url": "https://22360598.fs1.hubspotusercontent-na1.net/hub/22360598/hubfs/team-03.jpg?width=626&height=417&name=team-03.jpg"
      },
      {
        "name": "Jane Smith",
        "description": "Graphic Designer",
        "image-url": "https://22360598.fs1.hubspotusercontent-na1.net/hub/22360598/hubfs/team-04.jpg?width=626&height=417&name=team-04.jpg"
      },
      {
        "name": "John Doe",
        "description": "Web Developer",
        "image-url": "https://22360598.fs1.hubspotusercontent-na1.net/hub/22360598/hubfs/team-03.jpg?width=626&height=417&name=team-03.jpg"
      },
      {
        "name": "Jane Smith",
        "description": "Graphic Designer",
        "image-url": "https://22360598.fs1.hubspotusercontent-na1.net/hub/22360598/hubfs/team-04.jpg?width=626&height=417&name=team-04.jpg"
      },
      {
        "name": "John Doe",
        "description": "Web Developer",
        "image-url": "https://22360598.fs1.hubspotusercontent-na1.net/hub/22360598/hubfs/team-03.jpg?width=626&height=417&name=team-03.jpg"
      },
      {
        "name": "Jane Smith",
        "description": "Graphic Designer",
        "image-url": "https://22360598.fs1.hubspotusercontent-na1.net/hub/22360598/hubfs/team-04.jpg?width=626&height=417&name=team-04.jpg"
      },
      {
        "name": "John Doe",
        "description": "Lady with a Teddy",
        "image-url": "https://images.pexels.com/photos/3348748/pexels-photo-3348748.jpeg"
      },
      {
        "name": "John Doe",
        "description": "Girl with camera",
        "image-url": "https://images.pexels.com/photos/3812944/pexels-photo-3812944.jpeg"
      },
      {
        "name": "John Doe",
        "description": "Beautiful Girl with Glasses",
        "image-url": "https://images.pexels.com/photos/2100063/pexels-photo-2100063.jpeg"
      },
      {
        "name": "John Doe",
        "description": "Redhead with frackles",
        "image-url": "https://images.pexels.com/photos/3228213/pexels-photo-3228213.jpeg"
      },
      {
        "name": "John Doe",
        "description": "Girl in black dress",
        "image-url": "https://images.pexels.com/photos/1385472/pexels-photo-1385472.jpeg"
      },
      {
        "name": "John Doe",
        "description": "Girl Sitting on Chair",
        "image-url": "https://images.pexels.com/photos/4725133/pexels-photo-4725133.jpeg"
      }
    
  ]
  